name,type,direction,description
feat_00,float,,Hyperdimensional fingerprint dimension 0 encoding molecular structure
feat_01,float,,Hyperdimensional fingerprint dimension 1 encoding molecular structure
feat_02,float,,Hyperdimensional fingerprint dimension 2 encoding molecular structure
feat_03,float,,Hyperdimensional fingerprint dimension 3 encoding molecular structure
feat_04,float,,Hyperdimensional fingerprint dimension 4 encoding molecular structure
feat_05,float,,Hyperdimensional fingerprint dimension 5 encoding molecular structure
feat_06,float,,Hyperdimensional fingerprint dimension 6 encoding molecular structure
feat_07,float,,Hyperdimensional fingerprint dimension 7 encoding molecular structure
feat_08,float,,Hyperdimensional fingerprint dimension 8 encoding molecular structure
feat_09,float,,Hyperdimensional fingerprint dimension 9 encoding molecular structure
feat_10,float,,Hyperdimensional fingerprint dimension 10 encoding molecular structure
feat_11,float,,Hyperdimensional fingerprint dimension 11 encoding molecular structure
feat_12,float,,Hyperdimensional fingerprint dimension 12 encoding molecular structure
feat_13,float,,Hyperdimensional fingerprint dimension 13 encoding molecular structure
feat_14,float,,Hyperdimensional fingerprint dimension 14 encoding molecular structure
feat_15,float,,Hyperdimensional fingerprint dimension 15 encoding molecular structure
feat_16,float,,Hyperdimensional fingerprint dimension 16 encoding molecular structure
feat_17,float,,Hyperdimensional fingerprint dimension 17 encoding molecular structure
feat_18,float,,Hyperdimensional fingerprint dimension 18 encoding molecular structure
feat_19,float,,Hyperdimensional fingerprint dimension 19 encoding molecular structure
feat_20,float,,Hyperdimensional fingerprint dimension 20 encoding molecular structure
feat_21,float,,Hyperdimensional fingerprint dimension 21 encoding molecular structure
feat_22,float,,Hyperdimensional fingerprint dimension 22 encoding molecular structure
feat_23,float,,Hyperdimensional fingerprint dimension 23 encoding molecular structure
feat_24,float,,Hyperdimensional fingerprint dimension 24 encoding molecular structure
feat_25,float,,Hyperdimensional fingerprint dimension 25 encoding molecular structure
feat_26,float,,Hyperdimensional fingerprint dimension 26 encoding molecular structure
feat_27,float,,Hyperdimensional fingerprint dimension 27 encoding molecular structure
feat_28,float,,Hyperdimensional fingerprint dimension 28 encoding molecular structure
feat_29,float,,Hyperdimensional fingerprint dimension 29 encoding molecular structure
feat_30,float,,Hyperdimensional fingerprint dimension 30 encoding molecular structure
feat_31,float,,Hyperdimensional fingerprint dimension 31 encoding molecular structure
